num	zhk	reg	meropr	nps26	nps25	nps24	n26	vklad	seg
1	Green Park	Москва	Группа А (программа максимум)	-52,9	-33,3	-53,7	17	-0,5	Недобор
2	Holland park	Москва	Группа А (программа максимум)	-20,0	-81,4	-68,7	5	-0,1	Недобор
3	Vander park	Москва БК Продукт	Группа А (программа максимум)	-60,0	-68,8	-42,9	5	-0,2	Недобор
4	Vangarden	Москва БК Продукт	Группа А (программа максимум)	-100,0	-88,6	-64,1	2	-0,1	Недобор
5	Академика Павлова	Москва	Группа B (программа минимум)	-16,7	+3,5	-51,7	18	-0,2	Недобор
6	Алтуфьевское 53	Москва	Группа А (программа максимум)	0,0	-67,1	—	5	0,0	Недобор
7	Амурский парк	Москва	Группа B (программа минимум)	-76,2	-66,2	-48,1	21	-0,9	Недобор
8	Аннино парк	Москва	Группа B (программа минимум)	-100,0	-35,3	-85,2	16	-0,9	Недобор
9	Аэронавт	Санкт-Петербург	Группа B (программа минимум)	-95,6	-40,0	—	45	-2,4	Недобор
10	Барклая 6	Москва БК Продукт	Группа А (программа максимум)	-45,8	+25,0	-100,0	24	-0,6	Недобор
11	Белая дача парк	МО	Группа B (программа минимум)	-43,5	-13,3	+0,7	23	-0,6	Недобор
12	Большая Академическая 85	Москва	Группа А (программа максимум)	-97,4	-7,3	-45,0	77	-4,2	Кризис
13	Большая Очаковская 2	Москва	Группа А (программа максимум)	+50,0	-46,2	-70,8	2	+0,1	Недобор
14	Бунинские луга	Москва	Группа B (программа минимум)	-25,0	-25,0	-32,9	16	-0,2	Недобор
15	Бусиновский парк	Москва	Группа B (программа минимум)	+9,1	-11,3	-56,2	22	+0,1	Недобор
16	Бутово парк 2	МО	Группа А (программа максимум)	-100,0	-17,0	-51,1	15	-0,8	Недобор
17	Вавилова 4	Москва БК Продукт	Группа А (программа максимум)	—	0,0	-38,5	0	—	Недобор
18	Варшавское шоссе 141	Москва	Группа B (программа минимум)	-54,5	-23,0	-54,9	11	-0,3	Недобор
19	Витебский парк	Санкт-Петербург	Группа B (программа минимум)	-68,4	-17,6	—	19	-0,7	Недобор
20	Волжский парк	Москва	Группа B (программа минимум)	-37,5	-33,8	-29,4	8	-0,2	Недобор
21	Волоколамское 24	Москва БК Продукт	Группа А (программа максимум)	—	—	—	0	—	Недобор
22	Восточное Бутово	МО	Группа А (программа максимум)	-30,8	-40,9	-23,9	13	-0,2	Недобор
23	Второй Нагатинский	Москва	Группа А (программа максимум)	-25,0	-29,8	-37,9	32	-0,5	Недобор
24	Галактика	Санкт-Петербург	Группа B (программа минимум)	-100,0	+16,7	-10,5	2	-0,1	Недобор
25	Дальневосточный 15	Санкт-Петербург	Группа B (программа минимум)	-95,3	-70,0	-80,4	64	-3,4	Кризис
26	Дмитровский парк	Москва	Группа А (программа максимум)	+46,2	+8,1	-51,6	13	+0,3	Недобор
27	Жемчужина Зеленограда	Москва	Группа B (программа минимум)	-26,3	-10,8	-30,5	19	-0,3	Недобор
28	Жулебино парк	МО	Группа B (программа минимум)	-88,9	-30,1	-21,3	27	-1,3	Недобор
29	Западный порт	Москва БК Продукт	Группа А (программа максимум)	-50,0	-59,3	-25,6	6	-0,2	Недобор
30	Заречный парк	ЛО	Группа А (программа максимум)	-68,6	-76,0	-61,6	35	-1,3	Недобор
31	Зелёный парк	Москва	Группа А (программа максимум)	-27,3	+7,8	-44,3	11	-0,2	Недобор
32	Измайловский 11	Москва	Группа B (программа минимум)	-74,4	-19,0	-25,0	43	-1,8	Недобор
33	Измайловский лес	МО	Группа А (программа максимум)	-11,1	-17,3	-32,9	9	-0,1	Недобор
34	Ильинские луга	МО	Группа А (программа максимум)	-48,9	-20,7	-37,4	90	-2,5	Кризис
35	Ильменский 17	Москва	Группа B (программа минимум)	+38,5	-30,2	-43,7	13	+0,3	Недобор
36	Исеть парк	Свердловская обл.	Группа С (не было мероприятий)	-11,1	-31,1	-32,7	9	-0,1	Недобор
37	Кавказский бульвар 51	Москва	Группа B (программа минимум)	-82,4	-32,1	-34,8	17	-0,8	Недобор
38	Кантемировская 11	Санкт-Петербург	Группа А (программа максимум)	-16,7	-43,5	-61,8	6	-0,1	Недобор
39	Кольская 8	Москва	Группа B (программа минимум)	-71,8	-17,0	-32,3	39	-1,6	Недобор
40	Космонавтов 11	Свердловская обл.	Группа С (не было мероприятий)	-66,7	-41,3	—	18	-0,7	Недобор
41	Красноказарменная 15	Москва	Группа А (программа максимум)	+38,5	-9,7	-70,7	13	+0,3	Недобор
42	Кронштадтский 14	Москва	Группа А (программа максимум)	-33,3	-62,5	-58,3	3	-0,1	Недобор
43	Кронштадтский 9	Москва	Группа А (программа максимум)	-37,5	-72,5	-70,3	8	-0,2	Недобор
44	Кудровский парк	ЛО	Группа А (программа максимум)	-94,1	-39,6	-65,6	17	-0,9	Недобор
45	Кузьминский лес	МО	Группа B (программа минимум)	-47,1	-10,8	-19,5	34	-0,9	Недобор
46	Кутузовский квартал	Москва	Группа B (программа минимум)	0,0	—	—	2	0,0	Недобор
47	Лермонтовский 54	Санкт-Петербург	Группа А (программа максимум)	-97,4	—	—	39	-2,1	Недобор
48	Лосиноостровский парк	Москва	Группа А (программа максимум)	-38,9	-43,2	-45,5	18	-0,4	Недобор
49	Люберецкий	МО	Группа B (программа минимум)	-100,0	-26,7	-52,9	3	-0,2	Недобор
50	Люберцы парк	МО	Группа B (программа минимум)	-9,7	+2,4	-1,8	31	-0,2	Недобор
51	Люблинский парк	Москва	Группа B (программа минимум)	-44,7	-40,7	-40,9	38	-0,9	Недобор
52	Матвеевский парк	Москва	Группа А (программа максимум)	-68,8	-50,0	-44,4	16	-0,6	Недобор
53	Мещерский лес	Москва	Группа А (программа максимум)	-47,4	-47,8	+3,0	19	-0,5	Недобор
54	Митино парк	МО	Группа B (программа минимум)	-10,0	+56,9	-21,4	20	-0,1	Недобор
55	Митинский лес	Москва	Группа А (программа максимум)	-89,8	-33,9	-9,8	49	-2,5	Недобор
56	Михайловский парк	Москва	Группа B (программа минимум)	-85,3	-78,6	-56,0	109	-5,2	Кризис
57	Мичуринский парк	Москва	Группа А (программа максимум)	-23,1	-60,3	-54,6	13	-0,2	Недобор
58	Молодогвардейская 36	Москва	Группа С (не было мероприятий)	-80,0	+26,9	-83,1	5	-0,2	Недобор
59	Мякинино парк	Москва	Группа B (программа минимум)	+14,3	+12,2	-32,3	14	+0,1	Недобор
60	Никольские луга	Москва	Группа B (программа минимум)	-31,0	-22,2	-47,9	29	-0,5	Недобор
61	Новое Очаково	Москва	Группа B (программа минимум)	-33,3	-63,2	—	6	-0,1	Недобор
62	Новохохловская 15	Москва	Группа B (программа минимум)	-60,0	-20,9	-56,8	5	-0,2	Недобор
63	Нокса парк	Татарстан	Группа А (программа максимум)	-75,0	-42,1	—	12	-0,5	Недобор
64	Одинцово-1	МО	Группа B (программа минимум)	-43,2	-29,5	-38,2	37	-0,9	Недобор
65	Оранж парк	МО	Группа B (программа минимум)	-90,0	+26,4	-38,2	10	-0,5	Недобор
66	Орловский парк	Санкт-Петербург	Группа B (программа минимум)	-60,0	-72,2	-62,3	5	-0,2	Недобор
67	Открытый парк	Москва	Группа А (программа максимум)	-95,7	-32,9	—	23	-1,2	Недобор
68	Первый Дубровский	Москва	Группа А (программа максимум)	-72,1	+54,5	—	43	-1,7	Недобор
69	Перовское 2	Москва	Группа А (программа максимум)	-20,0	-45,7	-63,3	5	-0,1	Недобор
70	Петр1	Москва	Группа А (программа максимум)	+9,5	—	—	21	+0,1	Недобор
71	Лефортово парк	Москва	Группа А (программа максимум)	+22,2	-15,3	—	27	+0,3	Недобор
72	Полар	Москва	Группа B (программа минимум)	-66,7	—	—	3	-0,1	Недобор
73	Полярная 25	Москва	Группа B (программа минимум)	-74,3	-35,8	-30,2	35	-1,4	Недобор
74	Просторная 7	Москва	Группа B (программа минимум)	—	-31,2	-25,4	0	—	Недобор
75	Римского-Корсакова	Москва	Группа B (программа минимум)	-28,6	—	—	7	-0,1	Недобор
76	Руставели 14	Москва	Группа А (программа максимум)	-78,6	-24,3	-79,2	14	-0,6	Недобор
77	Савин парк	Нижегородская обл.	Группа С (не было мероприятий)	-77,8	-74,5	-58,8	36	-1,6	Недобор
78	Саларьево парк	Москва	Группа А (программа максимум)	-63,6	-19,3	-34,4	11	-0,4	Недобор
79	Середневский лес	Москва	Группа А (программа максимум)	-5,3	-28,2	-48,8	19	-0,1	Недобор
80	Сиберово	Татарстан	Группа С (не было мероприятий)	-100,0	—	—	8	-0,5	Недобор
81	Сигнальный 16	Москва	Группа B (программа минимум)	-70,0	-52,6	-41,8	10	-0,4	Недобор
82	Сокольнический вал 1	Москва	Группа С (не было мероприятий)	-100,0	+40,0	-61,4	1	-0,1	Недобор
83	Столичные поляны	Москва	Группа B (программа минимум)	+23,5	-4,3	-49,5	17	+0,2	Недобор
84	Таллинский парк	ЛО	Группа А (программа максимум)	-53,8	-56,1	-36,5	13	-0,4	Недобор
85	Томилинский бульвар	МО	Группа С (не было мероприятий)	-100,0	—	—	1	-0,1	Недобор
86	Утёс	Свердловская обл.	Группа С (не было мероприятий)	+75,0	-41,9	—	4	+0,2	Недобор
87	Черняховского 19	Москва	Группа B (программа минимум)	-100,0	-6,5	-47,5	2	-0,1	Недобор
88	Шереметьевский	Москва	Группа А (программа максимум)	-66,7	+35,1	-41,5	3	-0,1	Недобор
89	Шкиперский 19	Санкт-Петербург	Группа А (программа максимум)	-100,0	—	—	17	-0,9	Недобор
90	Юнино	Москва	Группа А (программа максимум)	-50,0	-41,5	—	2	-0,1	Недобор
91	Ютаново	Москва	Группа А (программа максимум)	-50,0	-47,7	-75,8	6	-0,2	Недобор
92	Янинский лес	ЛО	Группа А (программа максимум)	-35,3	-35,2	-42,9	17	-0,3	Недобор
93	Ярославский	МО	Группа B (программа минимум)	-80,0	-29,2	-46,9	5	-0,2	Недобор
94	Ярославский квартал	МО	Группа B (программа минимум)	0,0	—	—	3	0,0	Недобор
95	Ясеневая 14	Москва	Группа B (программа минимум)	+19,1	-11,1	-6,2	68	+0,7	Звезды
96	Яуза парк	МО	Группа B (программа минимум)	-50,0	—	—	4	-0,1	Недобор
