ЖК,NPS_2024,n_2024,CSAT_2024,NPS_2025,n_2025,CSAT_2025,NPS_2026,n_2026,Δ 2025 vs 2024,hypothesis_2025_2024,Δ 2026 vs 2025,hypothesis_2026_2025,Δ 2026 vs 2024,hypothesis_2026_2024
Green Park,-53.7,581,2.49,-33.3,141,3.18,-52.9,17,20.4,,-19.6,гипотеза,0.8,гипотеза
Holland park,-68.7,163,2.09,-81.4,97,1.92,-20.0,5,-12.7,,61.4,гипотеза,48.7,гипотеза
Vander park,-42.9,63,2.94,-68.8,16,2.44,-60.0,5,-25.9,гипотеза,8.8,гипотеза,-17.1,гипотеза
Vangarden,-64.1,39,2.1,-88.6,70,2.29,-100.0,2,-24.5,гипотеза,-11.4,гипотеза,-35.9,гипотеза
Академика Павлова,-51.7,286,2.68,3.5,57,3.72,-16.7,24,55.2,,-20.2,гипотеза,35.0,гипотеза
Алтуфьевское 53,,0,,-67.1,85,2.76,0.0,5,,гипотеза,67.1,гипотеза,,гипотеза
Амурский парк,-48.1,235,2.69,-66.2,80,2.39,-77.3,22,-18.1,,-11.1,гипотеза,-29.2,гипотеза
Аннино парк,-85.2,27,2.0,-35.3,51,3.2,-100.0,16,49.9,гипотеза,-64.7,гипотеза,-14.8,гипотеза
Аэронавт,,0,,-40.0,20,3.6,-95.6,45,,гипотеза,-55.6,гипотеза,,гипотеза
Барклая 6,-100.0,1,1.0,25.0,36,4.14,-45.8,24,125.0,гипотеза,-70.8,гипотеза,54.2,гипотеза
Белая дача парк,0.7,414,3.72,-13.3,158,3.8,-40.6,32,-14.0,,-27.3,гипотеза,-41.3,гипотеза
Большая Академическая 85,-45.0,180,2.73,-7.3,55,3.69,-97.4,78,37.7,,-90.1,,-52.4,
Большая Очаковская 2,-70.8,48,2.31,-46.2,52,2.96,50.0,2,24.6,гипотеза,96.2,гипотеза,120.8,гипотеза
Бунинские луга,-32.9,237,3.04,-25.0,152,3.17,-29.4,17,7.9,,-4.4,гипотеза,3.5,гипотеза
Бусиновский парк,-56.2,317,2.47,-11.3,62,3.44,9.1,22,44.9,,20.4,гипотеза,65.3,гипотеза
Бутово парк 2,-51.1,139,2.83,-17.0,176,3.38,-100.0,15,34.1,,-83.0,гипотеза,-48.9,гипотеза
Вавилова 4,-38.5,39,3.13,0.0,6,4.17,,0,38.5,гипотеза,,гипотеза,,гипотеза
Варшавское шоссе 141,-54.9,71,2.39,-23.0,61,3.1,-54.5,11,31.9,,-31.5,гипотеза,0.4,гипотеза
Витебский парк,,0,,-17.6,34,3.53,-68.4,19,,гипотеза,-50.8,гипотеза,,гипотеза
Волжский парк,-29.4,269,3.16,-33.8,74,3.35,-37.5,8,-4.4,,-3.7,гипотеза,-8.1,гипотеза
Волоколамское 24,,0,,,0,,,0,,гипотеза,,гипотеза,,гипотеза
Восточное Бутово,-23.9,503,3.15,-40.9,164,2.85,-30.8,13,-17.0,,10.1,гипотеза,-6.9,гипотеза
Второй Нагатинский,-37.9,140,3.06,-29.8,94,3.33,-29.7,37,8.1,,0.1,гипотеза,8.2,гипотеза
Галактика,-10.5,19,3.05,16.7,6,3.5,-100.0,2,27.2,гипотеза,-116.7,гипотеза,-89.5,гипотеза
Дальневосточный 15,-80.4,250,1.71,-70.0,60,2.52,-95.3,64,10.4,,-25.3,,-14.9,
Дмитровский парк,-51.6,446,2.65,8.1,185,3.71,46.2,13,59.7,,38.1,гипотеза,97.8,гипотеза
Жемчужина Зеленограда,-30.5,292,2.94,-10.8,93,3.46,-23.3,30,19.7,,-12.5,гипотеза,7.2,гипотеза
Жулебино парк,-21.3,475,3.17,-30.1,143,3.29,-88.9,27,-8.8,,-58.8,гипотеза,-67.6,гипотеза
Западный порт,-25.6,180,3.14,-59.3,54,2.65,-50.0,6,-33.7,,9.3,гипотеза,-24.4,гипотеза
Заречный парк,-61.6,185,2.65,-76.0,100,2.36,-68.6,35,-14.4,,7.4,гипотеза,-7.0,гипотеза
Зелёный парк,-44.3,246,2.78,7.8,64,3.91,-14.3,14,52.1,,-22.1,гипотеза,30.0,гипотеза
Измайловский 11,-25.0,68,3.04,-19.0,21,3.29,-74.4,43,6.0,гипотеза,-55.4,гипотеза,-49.4,гипотеза
Измайловский лес,-32.9,450,2.92,-17.3,225,3.45,-11.1,9,15.6,,6.2,гипотеза,21.8,гипотеза
Ильинские луга,-37.4,530,2.8,-20.7,232,3.16,-48.1,106,16.7,,-27.4,,-10.7,
Ильменский 17,-43.7,158,2.79,-30.2,53,3.21,38.5,13,13.5,,68.7,гипотеза,82.2,гипотеза
Исеть парк,-32.7,147,3.37,-31.1,61,3.1,-11.1,9,1.6,,20.0,гипотеза,21.6,гипотеза
Кавказский бульвар 51,-34.8,112,3.16,-32.1,81,3.32,-82.4,17,2.7,,-50.3,гипотеза,-47.6,гипотеза
Кантемировская 11,-61.8,262,2.59,-43.5,46,2.83,-16.7,6,18.3,гипотеза,26.8,гипотеза,45.1,гипотеза
Кольская 8,-32.3,155,2.94,-17.0,53,3.43,-71.8,39,15.3,,-54.8,гипотеза,-39.5,гипотеза
Космонавтов 11,-49.5,93,2.95,-41.3,126,3.1,-66.7,18,8.2,,-25.4,гипотеза,-17.2,гипотеза
Красноказарменная 15,-70.7,150,2.06,-9.7,62,3.45,38.5,13,61.0,,48.2,гипотеза,109.2,гипотеза
Кронштадтский 14,-58.3,120,2.36,-62.5,72,2.79,-25.0,4,-4.2,,37.5,гипотеза,33.3,гипотеза
Кронштадтский 9,-70.3,249,2.15,-72.5,131,2.27,-37.5,8,-2.2,,35.0,гипотеза,32.8,гипотеза
Кудровский парк,-65.6,163,2.56,-39.6,48,3.35,-94.1,17,26.0,гипотеза,-54.5,гипотеза,-28.5,гипотеза
Кузьминский лес,-19.5,82,3.15,-10.8,65,3.63,-47.1,34,8.7,,-36.3,гипотеза,-27.6,гипотеза
Кутузовский квартал,,0,,,0,,0.0,2,,гипотеза,,гипотеза,,гипотеза
Лермонтовский 54,,0,,-71.4,14,2.79,-97.4,39,,гипотеза,-26.0,гипотеза,,гипотеза
Лосиноостровский парк,-45.5,187,2.84,-43.2,146,2.99,-38.9,18,2.3,,4.3,гипотеза,6.6,гипотеза
Люберецкий,-52.9,750,2.67,-26.7,75,3.33,-100.0,3,26.2,,-73.3,гипотеза,-47.1,гипотеза
Люберцы парк,-1.8,435,3.39,2.4,123,3.67,-9.7,31,4.2,,-12.1,гипотеза,-7.9,гипотеза
Люблинский парк,-40.9,731,2.82,-40.7,366,3.09,-44.7,38,0.2,,-4.0,гипотеза,-3.8,гипотеза
Матвеевский парк,-44.4,117,2.72,-50.0,96,3.01,-70.6,17,-5.6,,-20.6,гипотеза,-26.2,гипотеза
Мещерский лес,3.0,439,3.47,-47.8,322,2.73,-47.4,19,-50.8,,0.4,гипотеза,-50.4,гипотеза
Митино парк,-21.4,103,3.17,56.9,51,4.59,-10.0,20,78.3,,-66.9,гипотеза,11.4,гипотеза
Митинский лес,-9.8,41,3.63,-33.9,112,3.19,-89.8,49,-24.1,гипотеза,-55.9,гипотеза,-80.0,гипотеза
Михайловский парк,-56.0,545,2.53,-78.6,187,2.14,-85.3,109,-22.6,,-6.7,,-29.3,
Мичуринский парк,-54.6,97,2.58,-60.3,68,2.85,-23.1,13,-5.7,,37.2,гипотеза,31.5,гипотеза
Молодогвардейская 36,-83.1,65,2.06,26.9,26,3.81,-80.0,5,110.0,гипотеза,-106.9,гипотеза,3.1,гипотеза
Мякинино парк,-32.3,319,2.93,12.2,41,3.83,14.3,14,44.5,гипотеза,2.1,гипотеза,46.6,гипотеза
Никольские луга,-47.9,121,2.53,-22.2,63,3.27,-29.0,31,25.7,,-6.8,гипотеза,18.9,гипотеза
Новое Очаково,,0,,-63.2,68,2.72,-33.3,6,,гипотеза,29.9,гипотеза,,гипотеза
Новохохловская 15,-56.8,227,2.52,-20.9,43,3.28,-60.0,5,35.9,гипотеза,-39.1,гипотеза,-3.2,гипотеза
Нокса парк,,0,,-42.1,19,3.05,-75.0,12,,гипотеза,-32.9,гипотеза,,гипотеза
Одинцово-1,-38.2,607,2.76,-29.5,149,3.32,-39.1,46,8.7,,-9.6,гипотеза,-0.9,гипотеза
Оранж парк,-38.2,390,2.99,26.4,72,4.19,-90.0,10,64.6,,-116.4,гипотеза,-51.8,гипотеза
Орловский парк,-62.3,183,2.23,-72.2,18,2.44,-60.0,5,-9.9,гипотеза,12.2,гипотеза,2.3,гипотеза
Открытый парк,,0,,-32.9,79,3.1,-91.7,24,,гипотеза,-58.8,гипотеза,,гипотеза
Первый Дубровский,,0,,54.5,77,4.58,-72.1,43,,гипотеза,-126.6,гипотеза,,гипотеза
Перовское 2,-63.3,248,2.56,-45.7,70,3.14,-20.0,5,17.6,,25.7,гипотеза,43.3,гипотеза
Петр1,,0,,,0,,4.5,22,,гипотеза,,гипотеза,,гипотеза
Лефортово парк,-53.5,288,2.47,-15.3,111,3.34,22.2,27,38.2,,37.5,гипотеза,75.7,гипотеза
Полар,,0,,,0,,-66.7,3,,гипотеза,,гипотеза,,гипотеза
Полярная 25,-30.2,368,3.08,-35.8,120,2.97,-74.3,35,-5.6,,-38.5,гипотеза,-44.1,гипотеза
Просторная 7,-25.4,59,3.08,-31.2,16,3.0,,0,-5.8,гипотеза,,гипотеза,,гипотеза
Римского-Корсакова,-42.7,274,2.76,-48.6,74,2.74,-28.6,7,-5.9,,20.0,гипотеза,14.1,гипотеза
Руставели 14,-79.2,125,1.92,-24.3,74,3.12,-78.6,14,54.9,,-54.3,гипотеза,0.6,гипотеза
Савин парк,-58.8,51,2.31,-74.5,55,2.69,-77.8,36,-15.7,,-3.3,гипотеза,-19.0,гипотеза
Саларьево парк,-34.4,323,2.73,-19.3,187,3.32,-66.7,12,15.1,,-47.4,гипотеза,-32.3,гипотеза
Середневский лес,-48.8,162,2.39,-28.2,209,3.33,-5.3,19,20.6,,22.9,гипотеза,43.5,гипотеза
Сиберово,,0,,,0,,-100.0,8,,гипотеза,,гипотеза,,гипотеза
Сигнальный 16,-41.8,98,2.94,-52.6,57,2.89,-70.0,10,-10.8,,-17.4,гипотеза,-28.2,гипотеза
Сокольнический вал 1,-61.4,57,2.4,40.0,5,3.8,-100.0,1,101.4,гипотеза,-140.0,гипотеза,-38.6,гипотеза
Столичные поляны,-49.5,390,2.62,-4.3,46,3.52,23.5,17,45.2,гипотеза,27.8,гипотеза,73.0,гипотеза
Таллинский парк,-36.5,96,3.05,-56.1,107,2.87,-53.8,13,-19.6,,2.3,гипотеза,-17.3,гипотеза
Томилинский бульвар,,0,,-65.1,43,2.4,-100.0,1,,гипотеза,-34.9,гипотеза,,гипотеза
Утёс,,0,,-41.9,43,3.05,75.0,4,,гипотеза,116.9,гипотеза,,гипотеза
Черняховского 19,-47.5,99,2.92,-6.5,31,3.26,-100.0,4,41.0,гипотеза,-93.5,гипотеза,-52.5,гипотеза
Шереметьевский,-41.5,193,2.74,35.1,57,4.28,-66.7,3,76.6,,-101.8,гипотеза,-25.2,гипотеза
Шкиперский 19,,0,,-58.6,29,2.72,-100.0,17,,гипотеза,-41.4,гипотеза,,гипотеза
Юнино,,0,,-41.5,41,3.32,-50.0,2,,гипотеза,-8.5,гипотеза,,гипотеза
Ютаново,-75.8,33,2.42,-47.7,86,2.85,-50.0,6,28.1,гипотеза,-2.3,гипотеза,25.8,гипотеза
Янинский лес,-42.9,112,2.99,-35.2,54,3.37,-35.3,17,7.7,,-0.1,гипотеза,7.6,гипотеза
Ярославский,-46.9,179,2.72,-29.2,72,3.07,-83.3,6,17.7,,-54.1,гипотеза,-36.4,гипотеза
Ярославский квартал,,0,,,0,,0.0,4,,гипотеза,,гипотеза,,гипотеза
Ясеневая 14,-6.2,352,3.39,-11.1,90,3.54,18.6,70,-4.9,,29.7,,24.8,
Яуза парк,,0,,,0,,-50.0,4,,гипотеза,,гипотеза,,гипотеза
