zhk,n_2024,nps_2024,n_2025,nps_2025,n_2026,nps_2026,delta_25_24,delta_26_25,delta_26_24
Green Park,0,,0,,17,-52.94,,,
Green park,581,-53.7,141,-33.33,0,,20.4,,
Holland park,163,-68.71,97,-81.44,5,-20.0,-12.7,,
Vander park,63,-42.86,16,-68.75,5,-60.0,,,
Vangarden,39,-64.1,70,-88.57,2,-100.0,-24.5,,
Академика Павлова,286,-51.75,57,3.51,18,-16.67,55.3,,
Алтуфьевское 53,0,,85,-67.06,5,0.0,,,
Амурский парк,235,-48.09,80,-66.25,21,-76.19,-18.2,,
Аннино парк,27,-85.19,51,-35.29,16,-100.0,,,
Аэронавт,0,,20,-40.0,45,-95.56,,,
Барклая 6,1,-100.0,36,25.0,24,-45.83,,,
Белая дача парк,414,0.72,158,-13.29,23,-43.48,-14.0,,
Большая Академическая 85,180,-45.0,55,-7.27,77,-97.4,37.7,-90.1,-52.4
Большая Очаковская 2,48,-70.83,52,-46.15,2,50.0,24.7,,
Босфорский парк,49,-51.02,0,,0,,,,
Бунинские луга,237,-32.91,152,-25.0,16,-25.0,7.9,,
Бусиновский парк,317,-56.15,62,-11.29,22,9.09,44.9,,
Бутово парк 2,139,-51.08,176,-17.05,15,-100.0,34.0,,
Вавилова 4,39,-38.46,6,0.0,0,,,,
Варшавское шоссе 141,71,-54.93,61,-22.95,11,-54.55,32.0,,
Витебский парк,0,,34,-17.65,19,-68.42,,,
Влюблино,109,-40.37,0,,0,,,,
Волга парк,247,1.62,107,-19.63,0,,-21.2,,
Волжский парк,269,-29.37,74,-33.78,8,-37.5,-4.4,,
Волоколамское шоссе 24,101,-70.3,10,-30.0,0,,,,
Восточное Бутово,503,-23.86,164,-40.85,13,-30.77,-17.0,,
Второй Нагатинский,140,-37.86,94,-29.79,32,-25.0,8.1,4.8,12.9
Галактика,19,-10.53,6,16.67,2,-100.0,,,
Дальневосточный 15,250,-80.4,60,-70.0,64,-95.31,10.4,-25.3,-14.9
Дмитровский парк,446,-51.57,185,8.11,13,46.15,59.7,,
Ельнинская 14,35,-68.57,11,-81.82,0,,,,
Жемчужина Зеленограда,292,-30.48,93,-10.75,19,-26.32,19.7,,
Жулебино парк,475,-21.26,143,-30.07,27,-88.89,-8.8,,
Западный порт,180,-25.56,54,-59.26,6,-50.0,-33.7,,
Заречный парк,185,-61.62,100,-76.0,35,-68.57,-14.4,7.4,-6.9
Зелёный парк,246,-44.31,64,7.81,11,-27.27,52.1,,
Измайловский 11,68,-25.0,21,-19.05,43,-74.42,,,-49.4
Измайловский лес,450,-32.89,225,-17.33,9,-11.11,15.6,,
Ильинские луга,530,-37.36,232,-20.69,90,-48.89,16.7,-28.2,-11.5
Ильменский 17,158,-43.67,53,-30.19,13,38.46,13.5,,
Исеть парк,147,-32.65,61,-31.15,9,-11.11,1.5,,
Кавказский бульвар 51,112,-34.82,81,-32.1,17,-82.35,2.7,,
Кантемировская 11,262,-61.83,46,-43.48,6,-16.67,18.4,,
Кольская 8,155,-32.26,53,-16.98,39,-71.79,15.3,-54.8,-39.5
Космонавтов 11,0,,126,-41.27,18,-66.67,,,
Космонавтов 11 (Екатеринбург),93,-49.46,0,,0,,,,
Красноказарменная 15,150,-70.67,62,-9.68,13,38.46,61.0,,
Кронштадтский 14,120,-58.33,72,-62.5,3,-33.33,-4.2,,
Кронштадтский 9,249,-70.28,131,-72.52,8,-37.5,-2.2,,
Кудровский парк,163,-65.64,48,-39.58,17,-94.12,26.1,,
Кузьминский лес,82,-19.51,65,-10.77,34,-47.06,8.7,-36.3,-27.6
Кутузовский квартал,0,,0,,2,0.0,,,
Лермонтовский,0,,14,-71.43,0,,,,
Лермонтовский 54,0,,0,,39,-97.44,,,
Лесной,2,0.0,0,,0,,,,
Лефортово парк,0,,111,-15.32,27,22.22,,,
Лефортово парк/Пётр I,288,-53.47,0,,0,,,,
Лосиноостровский парк,187,-45.45,146,-43.15,18,-38.89,2.3,,
Люберецкий,750,-52.93,75,-26.67,3,-100.0,26.3,,
Люберцы парк,435,-1.84,123,2.44,31,-9.68,4.3,-12.1,-7.8
Люблинский парк,731,-40.9,366,-40.71,38,-44.74,0.2,-4.0,-3.8
Маршала Захарова 3,19,-84.21,24,-33.33,0,,,,
Матвеевский парк,117,-44.44,96,-50.0,16,-68.75,-5.6,,
Мещерский лес,439,2.96,322,-47.83,19,-47.37,-50.8,,
Митино парк,103,-21.36,51,56.86,20,-10.0,78.2,,
Митинский лес,41,-9.76,112,-33.93,49,-89.8,-24.2,-55.9,-80.0
Михайловский парк,545,-55.96,187,-78.61,109,-85.32,-22.6,-6.7,-29.4
Мичуринский парк,97,-54.64,68,-60.29,13,-23.08,-5.6,,
Молодогвардейская 36,65,-83.08,26,26.92,5,-80.0,,,
Московский квартал,6,-50.0,0,,0,,,,
Мосфильмовская,3,-33.33,1,-100.0,0,,,,
Мякинино парк,319,-32.29,41,12.2,14,14.29,44.5,,
НОРД,90,-74.44,1,0.0,0,,,,
Никольские луга,121,-47.93,63,-22.22,29,-31.03,25.7,,
Новое Очаково,0,,68,-63.24,6,-33.33,,,
Новороссийск,0,,68,-67.65,0,,,,
Новохохловская 15,227,-56.83,43,-20.93,5,-60.0,35.9,,
Нокса парк,0,,19,-42.11,12,-75.0,,,
Одинцово-1,607,-38.22,149,-29.53,37,-43.24,8.7,-13.7,-5.0
Озёрный парк,103,-60.19,64,-67.19,0,,-7.0,,
Оранж парк,390,-38.21,72,26.39,10,-90.0,64.6,,
Орловский парк,183,-62.3,18,-72.22,5,-60.0,,,
Открытый парк,0,,79,-32.91,23,-95.65,,,
Парковый квартал,55,0.0,0,,0,,,,
Первый Дубровский,0,,77,54.55,43,-72.09,,-126.6,
Перовское 2,248,-63.31,70,-45.71,5,-20.0,17.6,,
Петр1,0,,0,,21,9.52,,,
Полар,0,,0,,3,-66.67,,,
Полярная 25,368,-30.16,120,-35.83,35,-74.29,-5.7,-38.5,-44.1
Пресненский вал 21,4,50.0,4,-50.0,0,,,,
Просторная 7,59,-25.42,16,-31.25,0,,,,
Пётр-1,0,,12,75.0,0,,,,
Римского-Корсакова,0,,0,,7,-28.57,,,
Римского-Корсакова 11,274,-42.7,74,-48.65,0,,-5.9,,
Руставели 14,125,-79.2,74,-24.32,14,-78.57,54.9,,
Савин парк,51,-58.82,55,-74.55,36,-77.78,-15.7,-3.2,-19.0
Саларьево парк,323,-34.37,187,-19.25,11,-63.64,15.1,,
Середневский лес,162,-48.77,209,-28.23,19,-5.26,20.5,,
Сиберово,0,,0,,8,-100.0,,,
Сигнальный 16,98,-41.84,57,-52.63,10,-70.0,-10.8,,
Сокольнический вал 1,57,-61.4,5,40.0,1,-100.0,,,
Столичные поляны,390,-49.49,46,-4.35,17,23.53,45.1,,
Таллинский парк,96,-36.46,107,-56.07,13,-53.85,-19.6,,
Томилинский,0,,43,-65.12,0,,,,
Томилинский бульвар,0,,0,,1,-100.0,,,
Утёс,0,,43,-41.86,4,75.0,,,
Уюн парк,50,-40.0,0,,0,,,,
Черноморский 1 и 2,402,-44.78,0,,0,,,,
Черняховского 19,99,-47.47,31,-6.45,2,-100.0,41.0,,
Шереметьевский,193,-41.45,57,35.09,3,-66.67,76.5,,
Шкиперский,0,,29,-58.62,0,,,,
Шкиперский 19,0,,0,,17,-100.0,,,
Юнино,0,,41,-41.46,2,-50.0,,,
Ютаново,33,-75.76,86,-47.67,6,-50.0,28.1,,
Янинский лес,112,-42.86,54,-35.19,17,-35.29,7.7,,
Ярославский,179,-46.93,72,-29.17,5,-80.0,17.8,,
Ярославский квартал,0,,0,,3,0.0,,,
Ярцевская,0,,4,-50.0,0,,,,
Ярцевская 24,55,-78.18,0,,0,,,,
Ясеневая 14,352,-6.25,90,-11.11,68,19.12,-4.9,30.2,25.4
Яуза парк,0,,0,,4,-50.0,,,
